epoch,accuracy,loss
1.0,1.0,0.006600913766305894
2.0,0.9714285714285714,0.10131961885053897
3.0,1.0,0.008381968618778046
